,Champions,Classes,Release_date,HP,HP+,HP5,HP5+,MP,MP+,MP5,MP5+,AD,AD+,AS,AS+,AR,AR+,MR,MR+,MS,Range
0,Aatrox,['Juggernaut'],2013,0.7828315159555365,1.1436105638910423,-1.7198122616155247,2.2272724819064695,-2.517350641814572,-1.8552367356800892,-1.0200808433767765,-1.9261558684297333,0.1947287861528617,2.7118130253282025,-0.03495847673326528,-0.0555432940466976,1.2694263866657904,-0.36562797778722766,0.7286144127752069,0.9701351175259433,1.1460282603712304,-0.8045203848317407
1,Ahri,['Burst'],2011,-0.709836759948264,-0.002745763658801993,-1.9793772391932856,-0.39906117725243884,0.8484709388038658,-0.5980360586042294,-0.015638031797049826,0.7783572584458571,-1.009704817088914,-0.3072542756527691,0.44449618725579787,-0.4001524620639808,-1.37660996556929,0.1144024647478906,-0.4470243015577347,-1.007235484103424,-0.7157102559905917,1.142275948247384
2,Akali,['Assassin'],2010,-1.2073928519161974,1.7167887276659644,1.394967469317608,1.5706890671167424,-0.9069096941502477,-1.8552367356800892,5.257686728996515,-1.9261558684297333,0.538852672793369,0.14560581949437637,-0.7682420804812442,0.7485447646602973,-1.0653115711886925,0.1144024647478906,3.6677111986075612,0.9701351175259433,1.1460282603712304,-1.0640932292422907
3,Akshan,"['Marksman', 'Assassin']",2021,0.28527542398760297,0.3411611346061513,-1.330464795248883,-0.07076946985757505,0.3009210165979956,0.15628434764128646,0.00947303849244325,0.44029311758640804,-1.1817667604091677,-0.3072542756527691,-0.4016002786072547,1.6675025460397197,-0.5983639796177959,0.1144024647478906,-0.4470243015577347,-1.007235484103424,-0.7157102559905917,0.8827031038368343
4,Alistar,['Vanguard'],2009,1.65355467689942,1.8314243604209488,1.1354024917398469,1.2423973597218787,0.3009210165979956,0.15628434764128646,0.047139643926683086,0.7783572584458571,0.538852672793369,0.8248959622150952,-0.7682420804812442,-0.48630475406830187,2.67026916137848,0.1144024647478906,0.7286144127752069,0.9701351175259433,-0.7157102559905917,-1.0640932292422907
5,Amumu,['Vanguard'],2009,1.65355467689942,-1.1491020912086463,1.394967469317608,1.2423973597218787,-0.2224722913929098,0.15628434764128646,-0.09097124266552928,-0.06680309370276484,-1.009704817088914,0.9003726447396193,2.3623148432120473,-0.4231264065984664,0.024232809143399564,-1.2296827743504408,0.7286144127752069,0.9701351175259433,-0.09513075053665097,-1.0640932292422907
6,Anivia,['Battlemage'],2009,-1.704948943884131,-1.3783733567186152,-0.4219873737267194,-0.7273528846473019,1.4684907036546306,0.4077244830564584,-0.015638031797049826,0.7783572584458571,-1.3538287037294214,-0.005347545554671658,0.16246403196811365,-0.9974750199606057,-1.37660996556929,0.49842681877598555,-0.4470243015577347,-1.007235484103424,-1.3362897614445324,1.4018487926579342
7,Annie,['Burst'],2009,-1.4561708979001642,-0.23201702916877084,-0.4219873737267194,-0.7273528846473019,0.8484709388038658,-0.5980360586042294,-0.015638031797049826,0.7783572584458571,-1.5258906470496751,-0.8355910533244393,-1.1912903134127706,-1.3650581325123745,-1.6879083599498879,0.1144024647478906,-0.4470243015577347,-1.007235484103424,-0.09513075053665097,1.531635214863209
8,Aphelios,['Marksman'],2019,-0.9586148059322307,-0.23201702916877084,-1.5900297728266441,-0.7273528846473019,0.28481660712135237,0.25686040180735525,-0.20397105896824858,-0.5738993049919381,-0.6655809304484067,-1.3639278309961094,-0.3451938475497179,-0.5150221847364087,-0.5983639796177959,-0.845658420322346,-0.4470243015577347,-1.007235484103424,-1.3362897614445324,1.142275948247384
9,Ashe,['Marksman'],2009,0.5340534699715698,-0.34665266192375527,-1.4602472840377636,-0.7273528846473019,-0.2627333150845179,-0.09515578777388549,-0.14119338324451566,0.27126104715668387,0.022666842832608027,-0.3827309581772931,0.16246403196811365,0.8978754041344533,-0.5983639796177959,-0.07760971226615772,-0.4470243015577347,-1.007235484103424,-1.3362897614445324,1.4018487926579342
10,Aurelion Sol,['Battlemage'],2016,0.03649737800363625,-1.607644622228584,-0.4219873737267194,-0.7273528846473019,1.7503178694958874,0.15628434764128646,-0.015638031797049826,0.6093251880161326,-0.6655809304484067,-0.005347545554671658,-0.7682420804812442,-1.2042405207709757,-1.2209607683789914,-1.2296827743504408,-0.4470243015577347,-1.007235484103424,-0.09513075053665097,1.142275948247384
11,Azir,['Specialist'],2014,-1.704948943884131,1.7167887276659644,-0.6815523513044804,0.5858139449321518,0.059354874448346945,0.15628434764128646,-0.015638031797049826,0.7783572584458571,-1.1817667604091677,0.4475125495924738,-0.7682420804812442,3.9648969994882757,-1.2209607683789914,0.6904389957900322,-0.4470243015577347,-1.007235484103424,-0.09513075053665097,1.0124895260421092
12,Bard,['Catcher'],2015,0.28527542398760297,-0.11738139641378642,-0.4219873737267194,-0.7273528846473019,0.3009210165979956,0.6591646184716304,-0.2667487346919815,-0.40486723456221374,-1.1817667604091677,-0.3072542756527691,0.16246403196811365,-0.6298919074088367,0.6468295979045949,0.6904389957900322,-0.4470243015577347,-1.007235484103424,-0.7157102559905917,0.8827031038368343
13,Bel'Veth,['Skirmisher'],2022,-0.2122806679803305,-0.5759239274337241,-0.16242239614895837,-0.39906117725243884,-2.517350641814572,-1.8552367356800892,-1.0200808433767765,-1.9261558684297333,0.1947287861528617,-2.5715547513884975,5.577481413491644,-2.927286360857393,0.3355312035239973,0.1144024647478906,0.7286144127752069,0.9701351175259433,0.5254487549172897,-0.8045203848317407
14,Blitzcrank,['Catcher'],2009,0.7828315159555365,0.5704324001161202,0.6162725365843248,0.5858139449321518,-0.367411976682699,0.15628434764128646,0.047139643926683086,0.7783572584458571,0.538852672793369,0.4475125495924738,-0.7682420804812442,-1.6292584946589588,1.1137771894754915,0.1144024647478906,0.7286144127752069,0.9701351175259433,-1.3362897614445324,-1.0640932292422907
15,Brand,['Burst'],2011,-1.2073928519161974,0.11188986909618244,-0.4219873737267194,-0.7273528846473019,1.2591333804582685,-0.799188166936367,0.3170836495387347,0.10222897672695933,-0.3214570438078993,-0.3072542756527691,0.8111379891297873,-0.6298919074088367,-0.442714782427497,-0.845658420322346,-0.4470243015577347,-1.007235484103424,0.5254487549172897,1.142275948247384
16,Braum,['Warden'],2014,-0.2122806679803305,0.9143392983810734,1.1354024917398469,2.2272724819064695,-0.01311496819654765,0.4077244830564584,-0.14119338324451566,0.7783572584458571,-0.6655809304484067,-0.005347545554671658,-0.23238098543464422,1.0931539326775805,2.67026916137848,1.074463349818127,0.7286144127752069,0.9701351175259433,-0.09513075053665097,-1.0640932292422907
17,Briar,['Diver'],2023,-0.709836759948264,-0.4612882946787397,-3.277202127082091,-4.338561665990801,-2.517350641814572,-1.8552367356800892,-1.0200808433767765,-1.9261558684297333,0.1947287861528617,-0.3072542756527691,-0.23238098543464422,-0.6298919074088367,0.024232809143399564,-0.845658420322346,0.7286144127752069,0.9701351175259433,0.5254487549172897,-1.0640932292422907
18,Caitlyn,['Marksman'],2011,-0.9586148059322307,0.3411611346061513,-1.4602472840377636,-0.7273528846473019,0.019093850756738834,0.15628434764128646,-0.09097124266552928,0.44029311758640804,0.1947287861528617,0.9003726447396193,0.8111379891297873,1.6675025460397197,-0.442714782427497,0.1144024647478906,-0.4470243015577347,-1.007235484103424,-1.3362897614445324,1.6614216370684842
19,Camille,['Diver'],2016,1.28038760792347,-0.5759239274337241,1.1354024917398469,0.9141056523270156,0.21234676447645776,0.7597406726376992,0.0031952709200700927,0.6093251880161326,1.5712243327148911,0.9003726447396193,-0.23238098543464422,-0.0555432940466976,0.8024787950948938,0.6904389957900322,0.7286144127752069,0.9701351175259433,0.5254487549172897,-1.0640932292422907
20,Cassiopeia,['Battlemage'],2010,0.28527542398760297,-0.002745763658801993,-0.4219873737267194,-1.0556445920421658,0.3009210165979956,1.1620448893019744,-0.015638031797049826,0.7783572584458571,-1.009704817088914,-0.3072542756527691,-0.14777133884833896,-1.2042405207709757,-1.8435575571401868,0.1144024647478906,0.7286144127752069,-1.007235484103424,-0.9639420581721679,1.142275948247384
21,Cho'Gath,['Specialist'],2009,0.6335646883651564,-1.1491020912086463,1.394967469317608,1.2423973597218787,-0.34325536246773414,1.1620448893019744,-0.11608231295502247,-0.40486723456221374,1.7432862760351449,1.504186104935814,-0.7682420804812442,-1.2731623543744324,1.2694263866657904,0.6904389957900322,0.7286144127752069,0.9701351175259433,1.1460282603712304,-1.0640932292422907
22,Corki,['Marksman'],2009,-0.2122806679803305,-0.11738139641378642,-0.4219873737267194,-0.7273528846473019,0.3009210165979956,0.8603167268037679,-0.09097124266552928,-0.06680309370276484,0.36679072947311536,-1.062021100898012,-0.4016002786072547,-0.2852827393915534,-0.28706558523719816,0.1144024647478906,-0.4470243015577347,-1.007235484103424,-1.3362897614445324,1.142275948247384
23,Darius,['Juggernaut'],2012,0.8325871251523298,1.1436105638910423,1.91409742447313,1.8989807745116056,-0.39962079563598546,1.0614688351359056,-0.19141552382350202,-0.7429313754216627,0.8829765594338764,2.7118130253282025,-0.7682420804812442,-1.7785891341331148,1.4250755838560893,1.074463349818127,0.7286144127752069,0.9701351175259433,0.5254487549172897,-0.8045203848317407
24,Diana,"['Assassin', 'Diver']",2012,0.5340534699715698,0.5704324001161202,0.09714258142880267,1.2423973597218787,0.5022261350560361,-0.5980360586042294,-0.015638031797049826,0.7783572584458571,-0.3214570438078993,-0.3072542756527691,-0.7682420804812442,-0.34271760072776714,0.1798820063336984,-0.6536462433082993,0.7286144127752069,0.9701351175259433,1.1460282603712304,-0.9343068070370156
25,Dr. Mundo,['Juggernaut'],2009,-0.13764725418514048,-0.11738139641378642,0.3567075590065637,-1.0556445920421658,-2.517350641814572,-1.8552367356800892,-1.0200808433767765,-1.9261558684297333,0.36679072947311536,-1.062021100898012,0.5009026183133347,0.8634144873327247,0.3355312035239973,-1.8057193053925824,-1.0348436587242056,1.6292586514023992,1.1460282603712304,-1.0640932292422907
26,Draven,['Marksman'],2012,1.4047766309154532,-0.002745763658801993,-1.330464795248883,0.25752223753728803,0.38949526871953344,0.10599632055825207,-0.009360264224676446,0.27126104715668387,0.538852672793369,0.5984659146415225,0.7547315580722505,0.17419615129815824,-0.13141638804689929,-0.26962188928020436,-0.4470243015577347,-1.007235484103424,-0.7157102559905917,1.142275948247384
27,Ekko,['Assassin'],2015,0.9072205389475199,-0.5759239274337241,1.394967469317608,1.5706890671167424,-0.2627333150845179,1.6649251601323183,-0.14119338324451566,0.7783572584458571,-0.14939510048764565,-0.3072542756527691,1.008560497831163,0.8634144873327247,0.3355312035239973,-0.845658420322346,0.7286144127752069,0.9701351175259433,0.5254487549172897,-1.0640932292422907
28,Elise,['Diver'],2012,0.7828315159555365,0.5704324001161202,-0.4219873737267194,-0.39906117725243884,0.09156369340163342,0.6591646184716304,-0.2667487346919815,0.7783572584458571,-0.6655809304484067,-0.3072542756527691,-0.7682420804812442,-0.9170662140899062,0.024232809143399564,1.074463349818127,-0.4470243015577347,-1.007235484103424,-0.7157102559905917,1.142275948247384
29,Evelynn,['Assassin'],2009,0.5838090791683631,-0.6905595601887086,1.1354024917398469,0.5858139449321518,0.019093850756738834,0.25686040180735525,-0.0018269431378286566,0.10222897672695933,0.36679072947311536,-0.3072542756527691,0.41629297172702945,-0.5150221847364087,1.1137771894754915,0.1144024647478906,0.7286144127752069,0.9701351175259433,-0.09513075053665097,-1.0640932292422907
30,Ezreal,['Marksman'],2010,-0.46105871396429726,-0.23201702916877084,-1.2006823064600025,-0.07076946985757505,0.5022261350560361,1.6649251601323183,0.047139643926683086,1.4544855401647545,0.538852672793369,-1.062021100898012,-0.7682420804812442,-0.0555432940466976,-0.9096623739983936,0.1144024647478906,-0.4470243015577347,-1.007235484103424,-1.3362897614445324,1.142275948247384
31,Fiddlesticks,['Specialist'],2009,0.7828315159555365,0.22652550185116688,-0.4219873737267194,-0.39906117725243884,1.5087517273462387,-0.44717197735512626,-0.015638031797049826,0.7783572584458571,-0.6655809304484067,-0.8355910533244393,-0.7682420804812442,-0.5035352124691662,0.6468295979045949,0.1144024647478906,-0.4470243015577347,-1.007235484103424,-0.09513075053665097,0.7788739660726142
32,Fiora,['Skirmisher'],2012,0.03649737800363625,-0.5759239274337241,1.1354024917398469,-0.7273528846473019,-0.10168922031808549,1.1620448893019744,-0.015638031797049826,0.44029311758640804,1.5712243327148911,0.14560581949437637,1.0649669288887,0.7485447646602973,0.49118040071429614,0.1144024647478906,0.7286144127752069,0.9701351175259433,1.1460282603712304,-0.9343068070370156
33,Fizz,['Assassin'],2011,0.5340534699715698,0.22652550185116688,0.8758375141620858,0.25752223753728803,0.03519826023338208,0.7597406726376992,-0.2667487346919815,0.7783572584458571,-0.14939510048764565,-0.3072542756527691,0.16246403196811365,0.6336750419878694,-1.2209607683789914,-0.07760971226615772,0.7286144127752069,0.9701351175259433,-0.09513075053665097,-0.8045203848317407
34,Galio,['Warden'],2010,0.33503103318439637,2.5192381569508555,0.8758375141620858,0.9141056523270156,1.5087517273462387,0.15628434764128646,0.17269499537414892,0.44029311758640804,0.022666842832608027,0.4475125495924738,-0.7682420804812442,-1.2042405207709757,-0.9096623739983936,0.1144024647478906,0.7286144127752069,0.9701351175259433,-0.09513075053665097,-0.9343068070370156
35,Gangplank,['Specialist'],2009,-0.46105871396429726,1.1436105638910423,-0.16242239614895837,-0.39906117725243884,-0.2627333150845179,1.1620448893019744,-0.07841570752078274,0.44029311758640804,0.8829765594338764,0.7494192796905712,0.16246403196811365,0.7485447646602973,0.1798820063336984,-0.845658420322346,0.7286144127752069,0.9701351175259433,1.1460282603712304,-1.0640932292422907
36,Garen,['Juggernaut'],2010,1.7779436998914036,-0.6905595601887086,0.8758375141620858,-1.0556445920421658,-2.517350641814572,-1.8552367356800892,-1.0200808433767765,-1.9261558684297333,1.7432862760351449,1.9570462000829596,-0.7682420804812442,1.2654585166862222,1.2694263866657904,-0.845658420322346,0.7286144127752069,-0.348111950226968,0.5254487549172897,-0.8045203848317407
37,Gnar,['Specialist'],2014,-1.9537269898680978,-2.8686365825334126,-0.9411173288822415,3.8687310188807866,-1.7121301679824097,-1.8552367356800892,-1.0200808433767765,-1.9261558684297333,-0.3214570438078993,-0.3072542756527691,-0.7682420804812442,3.9648969994882757,0.3355312035239973,-1.8057193053925824,-0.4470243015577347,-1.007235484103424,-0.09513075053665097,0.36355741501573424
38,Gragas,['Vanguard'],2010,1.28038760792347,1.2582461966460268,-0.4219873737267194,-1.0556445920421658,0.7035312535140766,0.5083005372225272,-0.2667487346919815,0.7783572584458571,0.8829765594338764,0.4475125495924738,0.6419186959571768,-0.5724570460726229,1.2694263866657904,0.6904389957900322,0.7286144127752069,0.9701351175259433,-0.7157102559905917,-1.0640932292422907
39,Graves,['Specialist'],2011,0.16088640099561963,0.22652550185116688,0.8758375141620858,0.25752223753728803,0.09961589813995506,0.15628434764128646,-0.015638031797049826,0.44029311758640804,1.5712243327148911,1.2022793748377167,-4.9987244097965045,0.05932642862573032,0.49118040071429614,-0.07760971226615772,0.7286144127752069,0.9701351175259433,0.5254487549172897,0.4933438372210092
40,Gwen,['Skirmisher'],2021,0.03649737800363625,1.2582461966460268,1.394967469317608,1.5706890671167424,0.13987692183156317,0.15628434764128646,-0.07841570752078274,0.44029311758640804,0.7109146161136227,-0.3072542756527691,1.0649669288887,-0.34271760072776714,1.4250755838560893,1.074463349818127,0.7286144127752069,0.9701351175259433,0.5254487549172897,-0.9343068070370156
41,Hecarim,['Diver'],2012,0.16088640099561963,-0.5759239274337241,0.3567075590065637,0.5858139449321518,-0.2627333150845179,0.15628434764128646,-0.14119338324451566,0.7783572584458571,1.2271004460743837,0.7494192796905712,0.5009026183133347,-0.0555432940466976,0.3355312035239973,1.5544937923532454,0.7286144127752069,0.9701351175259433,1.1460282603712304,-0.8045203848317407
42,Heimerdinger,['Specialist'],2009,-1.5059265070969576,-0.34665266192375527,0.3567075590065637,-0.7273528846473019,0.5827481824392523,-0.8494761940194013,-0.015638031797049826,0.7783572584458571,-0.493518987128153,-0.7601143707999145,0.16246403196811365,-1.3650581325123745,-1.6879083599498879,-0.845658420322346,-0.4470243015577347,-1.007235484103424,0.5254487549172897,1.142275948247384
43,Hwei,['Artillery'],2023,-0.9586148059322307,0.5704324001161202,-0.4219873737267194,-0.7273528846473019,1.3477076325798063,-0.34659592318905746,-0.07841570752078274,0.6093251880161326,-0.8376428737686603,0.14560581949437637,1.0649669288887,-0.0555432940466976,-1.37660996556929,0.1144024647478906,-0.4470243015577347,-1.007235484103424,-0.7157102559905917,1.142275948247384
44,Illaoi,['Juggernaut'],2015,0.9320983435459166,1.2582461966460268,1.6545324468953688,0.9141056523270156,0.3009210165979956,1.1620448893019744,-0.07841570752078274,0.6093251880161326,1.5712243327148911,2.7118130253282025,-0.7682420804812442,-0.0555432940466976,0.8024787950948938,0.6904389957900322,0.7286144127752069,0.9701351175259433,1.766607765825171,-1.0640932292422907
45,Irelia,['Diver'],2010,-0.709836759948264,2.2899668914408866,1.1354024917398469,1.2423973597218787,0.3009210165979956,0.6591646184716304,-0.015638031797049826,0.7783572584458571,1.05503850275413,1.2022793748377167,0.10605760091057682,-0.0555432940466976,0.9581279922851927,0.1144024647478906,-0.4470243015577347,0.9701351175259433,-0.09513075053665097,-0.6747339626264657
46,Ivern,['Catcher'],2016,0.28527542398760297,-0.5759239274337241,0.3567075590065637,1.2423973597218787,1.1061414904301576,1.1620448893019744,-0.2667487346919815,0.6093251880161326,-1.5258906470496751,-0.3072542756527691,-0.23238098543464422,0.9782842100051526,-0.442714782427497,0.1144024647478906,-0.4470243015577347,-1.007235484103424,-0.7157102559905917,0.7529166816315592
47,Janna,['Enchanter'],2009,-1.2073928519161974,-1.607644622228584,-0.4219873737267194,-0.7273528846473019,0.3814430639812118,0.6591646184716304,0.4238056982690806,-0.5738993049919381,-2.0420764770104363,-1.062021100898012,-0.7682420804812442,0.5188053193154415,-0.28706558523719816,-0.26962188928020436,-0.4470243015577347,-1.007235484103424,-1.3362897614445324,1.142275948247384
48,Jarvan IV,['Diver'],2011,0.5340534699715698,-0.002745763658801993,0.8758375141620858,0.25752223753728803,-0.10168922031808549,0.9106047538868024,-0.20397105896824858,-0.40486723456221374,0.8829765594338764,-0.3072542756527691,0.16246403196811365,-0.0555432940466976,0.9581279922851927,1.074463349818127,0.7286144127752069,0.9701351175259433,0.5254487549172897,-0.8045203848317407
49,Jax,['Skirmisher'],2009,1.1559985849314867,-0.4612882946787397,1.1354024917398469,-0.7273528846473019,0.21234676447645776,0.7597406726376992,-0.0658601723760362,0.44029311758640804,1.5712243327148911,1.5796627874603382,-0.4016002786072547,0.9782842100051526,0.9581279922851927,-0.845658420322346,0.7286144127752069,0.9701351175259433,1.766607765825171,-1.0640932292422907
50,Jayce,['Artillery'],2012,-0.709836759948264,0.5704324001161202,-0.16242239614895837,-0.39906117725243884,0.5022261350560361,0.4077244830564584,-0.2667487346919815,0.7783572584458571,0.022666842832608027,1.5796627874603382,0.16246403196811365,0.5188053193154415,-1.2209607683789914,0.6904389957900322,-0.4470243015577347,-1.007235484103424,-0.09513075053665097,-1.0640932292422907
51,Jhin,"['Marksman', 'Catcher']",2016,0.9072205389475199,0.3411611346061513,-1.330464795248883,-0.7273528846473019,-0.10168922031808549,0.6591646184716304,-0.2667487346919815,0.7783572584458571,0.022666842832608027,2.258952930181057,-0.7682420804812442,0.5188053193154415,-0.9096623739983936,0.1144024647478906,-0.4470243015577347,-1.007235484103424,-0.7157102559905917,1.142275948247384
52,Jinx,['Marksman'],2013,0.28527542398760297,0.11188986909618244,-1.330464795248883,-1.0556445920421658,-0.42377740985095036,0.6591646184716304,-0.17885998867875538,1.4544855401647545,0.022666842832608027,-0.08082422807919634,-0.7682420804812442,-1.7785891341331148,-0.5983639796177959,0.1144024647478906,-0.4470243015577347,-1.007235484103424,-1.3362897614445324,1.0124895260421092
53,K'Sante,"['Warden', 'Skirmisher']",2022,0.16088640099561963,1.2582461966460268,1.6545324468953688,1.2423973597218787,0.059354874448346945,1.1620448893019744,-0.14119338324451566,1.4544855401647545,0.8829765594338764,0.4475125495924738,-0.7682420804812442,-0.0555432940466976,0.49118040071429614,1.074463349818127,-0.4470243015577347,1.1019598243012352,-0.7157102559905917,-0.8045203848317407
54,Kai'Sa,['Marksman'],2018,0.5340534699715698,-0.23201702916877084,-1.4602472840377636,-0.7273528846473019,0.26065999290638747,0.15628434764128646,0.00947303849244325,0.44029311758640804,0.022666842832608027,-0.9110677358489633,-0.23238098543464422,-0.8596313527536923,-0.7540131768080948,-0.845658420322346,-0.4470243015577347,-1.007235484103424,-0.09513075053665097,1.0124895260421092
55,Kalista,['Marksman'],2014,-0.46105871396429726,1.1436105638910423,-1.2006823064600025,0.5858139449321518,-0.10168922031808549,0.4077244830564584,-0.22908212925774177,-0.5738993049919381,0.36679072947311536,0.07012913696985236,1.1777797910037737,2.241851159401859,-0.9096623739983936,1.074463349818127,-0.4470243015577347,-1.007235484103424,-0.7157102559905917,1.0124895260421092
56,Karma,"['Burst', 'Enchanter']",2011,0.28527542398760297,0.5704324001161202,-0.4219873737267194,-0.7273528846473019,0.4941739303177145,0.6591646184716304,0.6121387254402794,-0.2358351641324894,-1.3538287037294214,0.14560581949437637,-0.7682420804812442,-0.2852827393915534,-0.28706558523719816,0.6904389957900322,-0.4470243015577347,-1.007235484103424,-0.09513075053665097,1.0124895260421092
57,Karthus,['Battlemage'],2009,0.03649737800363625,0.6850680328711046,0.09714258142880267,-0.7273528846473019,1.2430289709816253,-0.29630789610602304,-0.015638031797049826,0.7783572584458571,-2.21413842033069,0.07012913696985236,-0.7682420804812442,-0.5035352124691662,-1.37660996556929,0.1144024647478906,-0.4470243015577347,-1.007235484103424,-0.09513075053665097,0.6231302594262842
58,Kassadin,['Assassin'],2009,0.6833202975619498,1.7167887276659644,-0.16242239614895837,-1.0556445920421658,0.7035312535140766,2.519821620543903,-0.2667487346919815,0.7783572584458571,0.022666842832608027,1.051326009788668,-0.3451938475497179,1.3228933780224363,-1.6879083599498879,-1.2296827743504408,-0.4470243015577347,-1.007235484103424,-0.09513075053665097,-0.9343068070370156
59,Katarina,['Assassin'],2009,1.3301432171202634,0.4557967673611357,0.6162725365843248,0.25752223753728803,-2.517350641814572,-1.8552367356800892,-1.0200808433767765,-1.9261558684297333,-0.14939510048764565,-0.005347545554671658,0.16246403196811365,0.2201440403671294,-0.28706558523719816,0.1144024647478906,0.7286144127752069,0.9701351175259433,-0.09513075053665097,-1.0640932292422907
60,Kayle,['Specialist'],2009,1.28038760792347,-1.3783733567186152,-0.6815523513044804,-1.0556445920421658,0.13987692183156317,0.6591646184716304,-0.015638031797049826,0.7783572584458571,-1.5258906470496751,-1.062021100898012,-0.7682420804812442,-1.2042405207709757,-0.5983639796177959,-0.845658420322346,-5.149579158889501,-1.007235484103424,-0.09513075053665097,-0.8045203848317407
61,Kayn,['Skirmisher'],2017,0.9072205389475199,0.5704324001161202,0.8758375141620858,0.5858139449321518,0.7840533008972929,0.6591646184716304,0.4238056982690806,1.28545346973503,1.5712243327148911,0.14560581949437637,0.4726994027845663,0.17419615129815824,1.2694263866657904,-0.26962188928020436,0.7286144127752069,0.9701351175259433,0.5254487549172897,-0.8045203848317407
62,Kennen,['Specialist'],2010,-0.18740286338193382,-0.6905595601887086,-0.4219873737267194,-0.07076946985757505,-0.9069096941502477,-1.8552367356800892,5.257686728996515,-1.9261558684297333,-1.8700145336901823,0.8248959622150952,-0.7682420804812442,0.9782842100051526,-0.13141638804689929,0.5944329072830089,-0.4470243015577347,-1.007235484103424,-0.09513075053665097,1.142275948247384
63,Kha'Zix,['Assassin'],2012,0.6086868837667597,-0.5759239274337241,0.6162725365843248,0.5858139449321518,0.1157203076165983,0.15628434764128646,-0.06711572589051083,-0.2358351641324894,0.1947287861528617,-0.15630091060372037,0.44449618725579787,0.17419615129815824,0.9581279922851927,-0.845658420322346,0.7286144127752069,0.9701351175259433,1.766607765825171,-1.0640932292422907
64,Kindred,['Marksman'],2015,-0.2122806679803305,-0.002745763658801993,0.3567075590065637,-0.7273528846473019,-0.10168922031808549,-0.09515578777388549,-0.14119338324451566,-0.5738993049919381,1.05503850275413,0.07012913696985236,-0.7682420804812442,1.0931539326775805,-0.13141638804689929,0.1144024647478906,-0.4470243015577347,-1.007235484103424,-1.3362897614445324,0.8827031038368343
65,Kled,['Skirmisher'],2016,-5.1878415876596655,-2.2954584187584905,-0.16242239614895837,0.5858139449321518,-1.7121301679824097,-1.8552367356800892,-1.0200808433767765,-1.9261558684297333,1.05503850275413,0.4475125495924738,-0.7682420804812442,1.0931539326775805,0.8024787950948938,1.074463349818127,-1.6226630158906763,0.9701351175259433,-6.300925805076058,-0.4151611182159157
66,Kog'Maw,['Marksman'],2010,0.40966444697958637,-0.5759239274337241,-1.330464795248883,-0.7273528846473019,0.09961589813995506,0.15628434764128646,0.07852848178854954,0.44029311758640804,0.36679072947311536,-0.15630091060372037,0.3598865406694926,0.11676128996194403,-0.9096623739983936,-0.36562797778722766,-0.4470243015577347,-1.007235484103424,-0.7157102559905917,0.8827031038368343
67,LeBlanc,['Burst'],2010,-0.5108143231610905,0.799703665626089,0.6162725365843248,-0.7273528846473019,0.7035312535140766,-0.5980360586042294,-0.015638031797049826,0.7783572584458571,-0.6655809304484067,-1.5148811960451574,0.16246403196811365,-0.2278478780553392,-1.2209607683789914,0.1144024647478906,-0.4470243015577347,-1.007235484103424,0.5254487549172897,1.0124895260421092
68,Lee Sin,['Diver'],2011,0.6584424929635531,0.11188986909618244,0.6162725365843248,0.25752223753728803,-0.9069096941502477,-1.8552367356800892,5.257686728996515,-1.9261558684297333,1.2271004460743837,0.7494192796905712,-0.03495847673326528,0.5188053193154415,0.9581279922851927,0.49842681877598555,0.7286144127752069,0.9701351175259433,1.1460282603712304,-1.0640932292422907
69,Leona,['Vanguard'],2011,0.6833202975619498,-0.34665266192375527,1.1354024917398469,1.2423973597218787,-0.08558481084144225,0.15628434764128646,-0.2667487346919815,0.7783572584458571,0.1947287861528617,-0.3072542756527691,-0.7682420804812442,0.40393559664301354,2.67026916137848,0.3064146417619372,0.7286144127752069,0.9701351175259433,-0.09513075053665097,-1.0640932292422907
70,Lillia,['Skirmisher'],2020,-0.33666969097231386,0.11188986909618244,-1.9793772391932856,-0.7273528846473019,0.7840533008972929,0.6591646184716304,0.4238056982690806,1.28545346973503,0.36679072947311536,-0.15630091060372037,-0.7682420804812442,0.17419615129815824,-1.2209607683789914,1.074463349818127,0.7286144127752069,-0.348111950226968,-0.7157102559905917,-0.025801851600090728
71,Lissandra,['Burst'],2013,0.03649737800363625,0.6850680328711046,0.3567075590065637,-0.7273528846473019,1.3074466088881982,-0.34659592318905746,-0.015638031797049826,-0.5738993049919381,-0.6655809304484067,-0.7601143707999145,0.10605760091057682,-1.2042405207709757,-1.2209607683789914,0.49842681877598555,-0.4470243015577347,-1.007235484103424,-1.3362897614445324,1.142275948247384
72,Lucian,['Marksman'],2013,0.5589312745699664,-0.4612882946787397,-1.330464795248883,-0.07076946985757505,0.059354874448346945,0.3071484288903896,-0.14119338324451566,0.7783572584458571,0.1947287861528617,-0.4582076407018178,-0.4016002786072547,0.8634144873327247,-0.28706558523719816,-0.845658420322346,-0.4470243015577347,-1.007235484103424,-0.09513075053665097,0.8827031038368343
73,Lulu,['Enchanter'],2012,-0.5854477369562806,-1.3783733567186152,-0.16242239614895837,-0.39906117725243884,0.3009210165979956,0.9106047538868024,0.36102802254534766,0.10222897672695933,-2.0420764770104363,-0.9110677358489633,-0.7682420804812442,-0.34271760072776714,-0.5983639796177959,0.49842681877598555,-0.4470243015577347,-1.007235484103424,-0.7157102559905917,1.142275948247384
74,Lux,"['Burst', 'Artillery']",2010,-0.9586148059322307,-0.5759239274337241,-0.4219873737267194,-0.7273528846473019,1.3477076325798063,-0.673468099228781,-0.14119338324451566,0.7783572584458571,-0.8376428737686603,0.14560581949437637,0.4726994027845663,0.5188053193154415,-1.37660996556929,1.074463349818127,-0.4470243015577347,-1.007235484103424,-0.7157102559905917,1.142275948247384
75,Malphite,['Vanguard'],2009,0.6335646883651564,-0.002745763658801993,0.3567075590065637,-0.7273528846473019,-0.2627333150845179,1.1620448893019744,-0.10352677781027593,-0.06680309370276484,0.538852672793369,1.2022793748377167,2.3623148432120473,0.9782842100051526,1.1137771894754915,0.5944329072830089,-1.6226630158906763,0.9701351175259433,-0.09513075053665097,-1.0640932292422907
76,Malzahar,['Battlemage'],2010,-0.9586148059322307,-0.34665266192375527,-0.16242239614895837,-0.39906117725243884,0.5022261350560361,-0.44717197735512626,-0.015638031797049826,0.7783572584458571,-0.6655809304484067,-0.3072542756527691,-0.7682420804812442,-1.2042405207709757,-1.8435575571401868,0.1144024647478906,-0.4470243015577347,-1.007235484103424,-0.09513075053665097,0.8827031038368343
77,Maokai,['Vanguard'],2011,0.40966444697958637,0.5704324001161202,-0.6815523513044804,0.5858139449321518,0.5022261350560361,0.3071484288903896,-0.2667487346919815,0.10222897672695933,0.8829765594338764,0.14560581949437637,4.167320637053226,-0.48630475406830187,0.8024787950948938,1.074463349818127,0.7286144127752069,0.9701351175259433,-0.7157102559905917,-1.0640932292422907
78,Master Yi,['Skirmisher'],2009,1.2555098033250733,-0.4612882946787397,0.6162725365843248,-0.07076946985757505,-0.49624725249584495,0.25686040180735525,-0.1098045453826492,-0.40486723456221374,1.05503850275413,-1.5148811960451574,0.7547315580722505,-0.6298919074088367,0.49118040071429614,-0.845658420322346,0.7286144127752069,0.9701351175259433,2.3871872712791116,-0.8045203848317407
79,Milio,['Enchanter'],2023,-1.4561708979001642,-1.836915887738553,-0.6815523513044804,-1.0556445920421658,0.4217040876728199,0.3071484288903896,0.4238056982690806,-0.5738993049919381,-1.8700145336901823,-0.005347545554671658,-0.7682420804812442,0.5188053193154415,-0.5983639796177959,-0.07760971226615772,-0.4470243015577347,-1.007235484103424,-0.7157102559905917,1.0124895260421092
80,Miss Fortune,['Marksman'],2010,0.5340534699715698,-0.11738139641378642,-1.330464795248883,-0.07076946985757505,-0.10168922031808549,0.15628434764128646,-0.015638031797049826,0.7783572584458571,-1.1817667604091677,-1.2129744659470607,0.10605760091057682,0.5188053193154415,-0.28706558523719816,-0.845658420322346,-0.4470243015577347,-1.007235484103424,-1.3362897614445324,1.142275948247384
81,Mordekaiser,['Juggernaut'],2010,0.6584424929635531,-0.002745763658801993,-0.6815523513044804,0.5858139449321518,-2.517350641814572,-1.8552367356800892,-1.0200808433767765,-1.9261558684297333,0.36679072947311536,1.2022793748377167,-0.7682420804812442,-1.7785891341331148,1.1137771894754915,-0.845658420322346,0.7286144127752069,0.9701351175259433,-0.09513075053665097,-0.8045203848317407
82,Morgana,['Catcher'],2009,0.28527542398760297,-0.002745763658801993,-0.4219873737267194,-1.7122280068318925,0.22039896921477936,1.1620448893019744,0.36102802254534766,-0.5738993049919381,-0.493518987128153,0.4475125495924738,-0.7682420804812442,-1.1697796039692474,-0.7540131768080948,0.6904389957900322,-0.4470243015577347,-1.007235484103424,-0.09513075053665097,0.6231302594262842
83,Naafiri,['Assassin'],2023,0.40966444697958637,1.8314243604209488,1.394967469317608,1.5706890671167424,0.7035312535140766,0.9106047538868024,-0.07841570752078274,1.4544855401647545,-0.6655809304484067,-1.665834561094206,0.30348010961195576,-0.5150221847364087,0.024232809143399564,0.1144024647478906,0.7286144127752069,0.9701351175259433,0.5254487549172897,-1.0640932292422907
84,Nami,['Enchanter'],2012,-1.4561708979001642,-1.836915887738553,-0.4219873737267194,-0.7273528846473019,0.4217040876728199,0.3071484288903896,0.4238056982690806,-0.5738993049919381,-1.3538287037294214,-0.15630091060372037,-0.23238098543464422,0.07081340089297286,-0.13141638804689929,1.074463349818127,-0.4470243015577347,-1.007235484103424,-0.09513075053665097,1.142275948247384
85,Nasus,['Juggernaut'],2009,0.31015322858599964,-0.002745763658801993,1.394967469317608,1.5706890671167424,0.10766810287827668,1.262620943468043,-0.08469347509315601,-0.2358351641324894,1.3991623893946374,0.4475125495924738,-0.4016002786072547,1.070179988143095,0.6468295979045949,0.1144024647478906,0.7286144127752069,0.9701351175259433,1.766607765825171,-1.0640932292422907
86,Nautilus,['Vanguard'],2012,0.6833202975619498,-0.4612882946787397,1.1354024917398469,-0.7273528846473019,0.7035312535140766,0.5083005372225272,0.065972946643803,-0.2358351641324894,0.36679072947311536,0.14560581949437637,1.5162183773489948,-1.7785891341331148,1.4250755838560893,0.5944329072830089,0.7286144127752069,0.9701351175259433,-1.3362897614445324,-0.8045203848317407
87,Neeko,"['Burst', 'Catcher']",2018,-0.2122806679803305,-0.002745763658801993,0.6162725365843248,0.5858139449321518,1.1061414904301576,-0.34659592318905746,-0.14119338324451566,0.44029311758640804,-1.8700145336901823,-1.062021100898012,-0.7682420804812442,1.0931539326775805,-1.37660996556929,1.074463349818127,-0.4470243015577347,-1.007235484103424,0.5254487549172897,1.142275948247384
88,Nidalee,['Specialist'],2009,-0.2122806679803305,0.5704324001161202,-0.16242239614895837,-0.39906117725243884,-0.14195024400969358,0.4077244830564584,-0.2667487346919815,0.7783572584458571,-0.14939510048764565,0.4475125495924738,-0.4016002786072547,0.7715187091947829,0.3355312035239973,0.6904389957900322,-0.4470243015577347,-0.6117613637775506,-0.09513075053665097,1.0124895260421092
89,Nilah,['Skirmisher'],2022,-1.2073928519161974,-0.34665266192375527,-1.2006823064600025,1.5706890671167424,0.3009210165979956,-0.09515578777388549,0.00947303849244325,0.44029311758640804,-0.14939510048764565,-1.816787926143255,1.2623894375900788,0.5188053193154415,-0.442714782427497,-0.845658420322346,0.7286144127752069,0.9701351175259433,0.5254487549172897,-0.5449475404211906
90,Nocturne,['Assassin'],2011,0.9072205389475199,0.5704324001161202,0.3567075590065637,0.5858139449321518,-0.302994338776126,-0.09515578777388549,-0.14119338324451566,-0.40486723456221374,0.538852672793369,-0.9110677358489633,1.939266610280521,0.17419615129815824,1.2694263866657904,0.1144024647478906,0.7286144127752069,-0.348111950226968,1.1460282603712304,-1.0640932292422907
91,Nunu & Willump,['Vanguard'],2009,-0.2122806679803305,-1.607644622228584,-0.6815523513044804,0.9141056523270156,-0.2627333150845179,0.25686040180735525,-0.14119338324451566,-0.2358351641324894,0.36679072947311536,-0.3072542756527691,-0.7682420804812442,-0.34271760072776714,-0.13141638804689929,-0.845658420322346,0.7286144127752069,0.9701351175259433,1.1460282603712304,-1.0640932292422907
92,Olaf,['Diver'],2010,0.6584424929635531,1.7167887276659644,0.09714258142880267,-0.39906117725243884,0.027146055495060457,0.6591646184716304,-0.07841570752078274,0.10222897672695933,1.5712243327148911,2.258952930181057,1.1777797910037737,0.17419615129815824,0.8024787950948938,-0.845658420322346,0.7286144127752069,0.9701351175259433,1.766607765825171,-1.0640932292422907
93,Orianna,['Burst'],2011,-0.8342257829402474,0.6850680328711046,0.3567075590065637,-0.7273528846473019,0.8484709388038658,-0.5980360586042294,-0.015638031797049826,0.7783572584458571,-3.2465100802522118,-0.9110677358489633,0.16246403196811365,1.0931539326775805,-1.532259162759589,-0.845658420322346,-2.798301730223618,-1.007235484103424,-1.3362897614445324,1.0124895260421092
94,Ornn,['Vanguard'],2017,1.0316095619395032,0.5704324001161202,1.394967469317608,1.5706890671167424,0.228451173953101,1.4134850247171462,-0.015638031797049826,0.10222897672695933,1.7432862760351449,0.4475125495924738,-0.7682420804812442,-0.6298919074088367,0.49118040071429614,1.074463349818127,0.7286144127752069,0.9701351175259433,-0.09513075053665097,-0.8045203848317407
95,Pantheon,['Diver'],2010,0.7828315159555365,0.5704324001161202,-0.16242239614895837,-0.07076946985757505,0.03519826023338208,-0.29630789610602304,-0.09724901023790267,-0.40486723456221374,0.8829765594338764,0.14560581949437637,0.16246403196811365,0.46137045797922777,1.580724781046388,0.5944329072830089,-1.6226630158906763,0.9701351175259433,1.1460282603712304,-0.8045203848317407
96,Poppy,['Warden'],2010,-0.2122806679803305,-0.002745763658801993,0.8758375141620858,0.9141056523270156,-0.2627333150845179,0.15628434764128646,-0.14119338324451566,0.44029311758640804,0.8829765594338764,1.2022793748377167,-0.7682420804812442,-0.0555432940466976,1.2694263866657904,0.1144024647478906,0.7286144127752069,0.9701351175259433,1.1460282603712304,-1.0640932292422907
97,Pyke,"['Assassin', 'Catcher']",2018,1.28038760792347,0.6850680328711046,0.3567075590065637,-1.0556445920421658,0.824314324588901,0.6591646184716304,-0.015638031797049826,1.4544855401647545,0.538852672793369,-1.816787926143255,0.41629297172702945,-0.0555432940466976,2.67026916137848,0.1144024647478906,0.7286144127752069,0.9701351175259433,-0.7157102559905917,-0.9343068070370156
98,Qiyana,['Assassin'],2019,-0.709836759948264,2.2899668914408866,-0.16242239614895837,1.5706890671167424,0.5022261350560361,1.1620448893019744,-0.015638031797049826,0.44029311758640804,1.2271004460743837,-0.15630091060372037,1.008560497831163,-0.5150221847364087,-0.28706558523719816,0.1144024647478906,0.7286144127752069,0.9701351175259433,-0.09513075053665097,-0.9343068070370156
99,Quinn,['Specialist'],2013,-1.331781874908181,0.3411611346061513,-0.4219873737267194,-0.7273528846473019,-0.35130756720605577,-0.09515578777388549,-0.14119338324451566,-0.5738993049919381,0.022666842832608027,-0.7601143707999145,0.44449618725579787,0.6336750419878694,-0.28706558523719816,0.1144024647478906,-0.4470243015577347,-1.007235484103424,-0.7157102559905917,1.0124895260421092
100,Rakan,['Catcher'],2017,-0.2122806679803305,-0.5759239274337241,-0.6815523513044804,-1.0556445920421658,0.019093850756738834,0.6591646184716304,0.07852848178854954,-0.2358351641324894,0.538852672793369,0.4475125495924738,-0.48620992519356,0.5188053193154415,0.024232809143399564,0.49842681877598555,0.7286144127752069,0.9701351175259433,-0.09513075053665097,-0.15558827380536572
101,Rammus,['Vanguard'],2009,1.4047766309154532,-1.1491020912086463,0.8758375141620858,-0.7273528846473019,-0.021167172934869274,-0.19573184193995427,-0.03447133451416975,-0.2358351641324894,-0.6655809304484067,-0.6846376882753905,0.10605760091057682,-0.382922003663117,1.580724781046388,1.6504998808602687,0.7286144127752069,0.9701351175259433,-0.09513075053665097,-1.0640932292422907
102,Rek'Sai,['Diver'],2014,-0.46105871396429726,-0.5759239274337241,-1.9793772391932856,-1.0556445920421658,-1.7121301679824097,-1.8552367356800892,-1.0200808433767765,-1.9261558684297333,-0.14939510048764565,-0.3072542756527691,0.41629297172702945,-0.6298919074088367,0.9581279922851927,0.5944329072830089,0.7286144127752069,0.9701351175259433,0.5254487549172897,-0.8045203848317407
103,Rell,['Vanguard'],2020,-0.2122806679803305,-0.002745763658801993,0.6162725365843248,1.2423973597218787,0.3009210165979956,0.4077244830564584,-0.2667487346919815,-0.7429313754216627,-0.6655809304484067,-0.3072542756527691,-0.7682420804812442,-1.2042405207709757,0.9581279922851927,-0.845658420322346,-0.4470243015577347,0.4428362904247793,-0.7157102559905917,-0.8045203848317407
104,Renata Glasc,['Enchanter'],2022,-1.8293379668761143,-1.1491020912086463,-0.4219873737267194,-0.7273528846473019,0.3009210165979956,0.6591646184716304,0.4238056982690806,-0.2358351641324894,-1.6979525903699288,-0.3072542756527691,-0.7682420804812442,-0.5035352124691662,-0.442714782427497,0.1144024647478906,-0.4470243015577347,-1.007235484103424,-0.7157102559905917,1.142275948247384
105,Renekton,['Diver'],2011,1.0316095619395032,0.799703665626089,0.8758375141620858,0.5858139449321518,-1.7121301679824097,-1.8552367356800892,-1.0200808433767765,-1.9261558684297333,1.7432862760351449,1.4287094224112902,0.3598865406694926,0.23163101263437194,0.8024787950948938,1.074463349818127,-1.6226630158906763,0.9701351175259433,1.1460282603712304,-1.0640932292422907
106,Rengar,"['Assassin', 'Diver']",2012,-0.709836759948264,-0.002745763658801993,-0.16242239614895837,-1.0556445920421658,-2.4851418228612854,-1.8552367356800892,-1.0200808433767765,-1.9261558684297333,1.5712243327148911,-0.3072542756527691,0.41629297172702945,0.5188053193154415,0.6468295979045949,-0.845658420322346,0.7286144127752069,0.9701351175259433,1.1460282603712304,-1.0640932292422907
107,Riven,['Skirmisher'],2011,0.28527542398760297,-0.4612882946787397,1.1354024917398469,-1.0556445920421658,-2.517350641814572,-1.8552367356800892,-1.0200808433767765,-1.9261558684297333,0.8829765594338764,-0.3072542756527691,-0.7682420804812442,1.0931539326775805,0.49118040071429614,-0.46163406629425097,0.7286144127752069,0.9701351175259433,0.5254487549172897,-1.0640932292422907
108,Rumble,['Battlemage'],2011,0.16088640099561963,0.11188986909618244,0.3567075590065637,-0.39906117725243884,-1.3095199310663288,-1.8552367356800892,-1.0200808433767765,-1.9261558684297333,0.8829765594338764,-0.005347545554671658,-0.23238098543464422,-0.8021964914174783,0.9581279922851927,0.1144024647478906,-1.6226630158906763,-0.348111950226968,1.1460282603712304,-1.0640932292422907
109,Ryze,['Battlemage'],2009,0.6584424929635531,2.2899668914408866,0.8758375141620858,0.9141056523270156,-0.10168922031808549,1.6649251601323183,-0.015638031797049826,1.4544855401647545,-0.14939510048764565,-0.3072542756527691,0.16246403196811365,-0.5035352124691662,-1.2209607683789914,-0.845658420322346,0.7286144127752069,-1.007235484103424,0.5254487549172897,1.142275948247384
110,Samira,['Marksman'],2020,0.28527542398760297,0.4557967673611357,-1.5900297728266441,-0.7273528846473019,0.29286881185967395,0.055708293475217684,0.00947303849244325,0.44029311758640804,-0.3214570438078993,0.14560581949437637,0.16246403196811365,0.8634144873327247,-0.5983639796177959,0.1144024647478906,-0.4470243015577347,-1.007235484103424,-0.09513075053665097,0.8827031038368343
111,Sejuani,['Vanguard'],2012,0.28527542398760297,1.1436105638910423,1.1354024917398469,2.2272724819064695,0.7035312535140766,0.15628434764128646,-0.14119338324451566,0.44029311758640804,1.2271004460743837,1.2022793748377167,1.008560497831163,1.0931539326775805,0.6468295979045949,1.5544937923532454,0.7286144127752069,0.9701351175259433,0.5254487549172897,-0.9343068070370156
112,Senna,"['Marksman', 'Enchanter']",2019,-2.2025050358520644,-1.7222802549835685,-1.4602472840377636,-0.7273528846473019,0.3009210165979956,0.4077244830564584,0.4238056982690806,0.44029311758640804,-1.5258906470496751,-4.8358552271242266,-0.7682420804812442,1.6675025460397197,-0.28706558523719816,0.1144024647478906,-0.4470243015577347,-1.007235484103424,-0.7157102559905917,1.4018487926579342
113,Seraphine,"['Burst', 'Enchanter']",2020,-1.2073928519161974,-1.607644622228584,0.09714258142880267,-0.39906117725243884,0.3814430639812118,-0.5980360586042294,0.4238056982690806,1.28545346973503,-1.5258906470496751,-0.3072542756527691,0.4726994027845663,-0.6298919074088367,-0.5983639796177959,-0.845658420322346,-0.4470243015577347,-1.007235484103424,-0.7157102559905917,1.0124895260421092
114,Sett,['Juggernaut'],2020,1.28038760792347,1.1436105638910423,0.3567075590065637,-1.0556445920421658,-2.517350641814572,-1.8552367356800892,-1.0200808433767765,-1.9261558684297333,0.1947287861528617,1.2022793748377167,-0.7682420804812442,-0.9170662140899062,0.49118040071429614,1.074463349818127,-1.6226630158906763,0.9701351175259433,0.5254487549172897,-1.0640932292422907
115,Shaco,['Assassin'],2009,0.28527542398760297,-0.5759239274337241,1.1354024917398469,-0.7273528846473019,-0.12584583453305034,0.15628434764128646,-0.2667487346919815,-0.7429313754216627,0.7109146161136227,-0.3072542756527691,1.1777797910037737,0.5188053193154415,0.024232809143399564,-1.2296827743504408,0.7286144127752069,0.9701351175259433,1.1460282603712304,-1.0640932292422907
116,Shen,['Warden'],2010,-0.2122806679803305,-0.5759239274337241,1.1354024917398469,0.5858139449321518,0.7035312535140766,-1.8552367356800892,5.257686728996515,-1.9261558684297333,0.8829765594338764,-0.3072542756527691,2.7853630761435735,0.5188053193154415,0.6468295979045949,-0.845658420322346,0.7286144127752069,0.9701351175259433,0.5254487549172897,-1.0640932292422907
117,Shyvana,['Juggernaut'],2011,1.1559985849314867,-0.002745763658801993,1.1354024917398469,0.9141056523270156,-1.7121301679824097,-1.8552367356800892,-1.0200808433767765,-1.9261558684297333,1.2271004460743837,-0.3072542756527691,0.16246403196811365,-0.0555432940466976,1.2694263866657904,-0.17361580077318103,0.7286144127752069,0.9701351175259433,1.766607765825171,-1.0640932292422907
118,Singed,['Specialist'],2009,0.7828315159555365,-0.5759239274337241,1.6545324468953688,-0.7273528846473019,0.13987692183156317,0.4077244830564584,-0.07841570752078274,-0.06680309370276484,0.7109146161136227,0.2965591845434251,-0.7682420804812442,-0.7447616300812646,0.6468295979045949,0.1144024647478906,0.7286144127752069,0.9701351175259433,1.1460282603712304,-1.0640932292422907
119,Sion,['Vanguard'],2009,0.9072205389475199,-1.9515515204935372,0.6162725365843248,0.9141056523270156,0.7035312535140766,0.7597406726376992,-0.015638031797049826,0.10222897672695933,1.5712243327148911,1.2022793748377167,0.7547315580722505,-1.4339799661158312,0.3355312035239973,-0.845658420322346,0.7286144127752069,0.9701351175259433,1.1460282603712304,-0.8045203848317407
120,Sivir,['Marksman'],2009,-0.46105871396429726,-0.002745763658801993,-1.5900297728266441,-0.7273528846473019,0.22039896921477936,0.4077244830564584,-0.2667487346919815,0.7783572584458571,-0.14939510048764565,-1.062021100898012,-0.7682420804812442,-0.6298919074088367,0.024232809143399564,-0.36562797778722766,-0.4470243015577347,-1.007235484103424,-0.09513075053665097,0.8827031038368343
121,Skarner,['Diver'],2011,0.7828315159555365,-0.5759239274337241,1.394967469317608,1.2423973597218787,0.059354874448346945,1.1620448893019744,-0.11608231295502247,-0.40486723456221374,1.05503850275413,1.9570462000829596,-0.7682420804812442,-0.5150221847364087,1.2694263866657904,0.6904389957900322,0.7286144127752069,0.9701351175259433,-0.09513075053665097,-1.0640932292422907
122,Smolder,['Marksman'],2024,-1.083003828924214,-0.4612882946787397,-1.7198122616155247,-0.39906117725243884,-0.10168922031808549,0.15628434764128646,0.047139643926683086,0.44029311758640804,-0.6655809304484067,-1.3639278309961094,-0.4016002786072547,1.6675025460397197,-0.9096623739983936,0.1144024647478906,-0.4470243015577347,-1.007235484103424,-0.7157102559905917,1.142275948247384
123,Sona,['Enchanter'],2010,-1.704948943884131,-1.4930089894735996,-0.4219873737267194,-0.7273528846473019,0.22039896921477936,0.4077244830564584,0.4238056982690806,-0.5738993049919381,-1.6979525903699288,-0.3072542756527691,-0.23238098543464422,-0.2852827393915534,-0.5983639796177959,-0.845658420322346,-0.4470243015577347,-1.007235484103424,-1.3362897614445324,1.142275948247384
124,Soraka,['Enchanter'],2009,-0.33666969097231386,-1.836915887738553,-1.9793772391932856,-1.0556445920421658,0.9048363719721172,0.15628434764128646,0.4238056982690806,-0.5738993049919381,-1.5258906470496751,-0.3072542756527691,-0.7682420804812442,-0.4690742956674376,0.3355312035239973,0.6904389957900322,-0.4470243015577347,-1.007235484103424,-1.3362897614445324,1.142275948247384
125,Swain,['Battlemage'],2010,-0.5854477369562806,-0.5759239274337241,0.3567075590065637,-0.07076946985757505,1.251081175719947,-0.39688395027209183,-0.015638031797049826,0.7783572584458571,-0.14939510048764565,-0.7601143707999145,-0.7682420804812442,-0.5035352124691662,-0.5983639796177959,1.074463349818127,-0.4470243015577347,-1.007235484103424,-0.7157102559905917,1.0124895260421092
126,Sylas,"['Burst', 'Skirmisher']",2019,-1.083003828924214,2.8631450552158086,1.394967469317608,1.5706890671167424,0.7035312535140766,1.6649251601323183,-0.015638031797049826,0.7783572584458571,0.36679072947311536,-0.3072542756527691,-0.2041777699058758,1.0931539326775805,-0.442714782427497,1.074463349818127,0.7286144127752069,2.2883821852788553,0.5254487549172897,-0.8045203848317407
127,Syndra,['Burst'],2012,-1.3815374841049741,-0.002745763658801993,0.09714258142880267,-0.39906117725243884,1.3477076325798063,0.15628434764128646,-0.015638031797049826,0.7783572584458571,-0.8376428737686603,-0.4582076407018178,0.16246403196811365,-0.6298919074088367,-0.7540131768080948,-0.07760971226615772,-0.4470243015577347,-1.007235484103424,-0.7157102559905917,1.142275948247384
128,Tahm Kench,['Warden'],2015,0.5340534699715698,-0.11738139641378642,0.09714258142880267,-0.7273528846473019,0.09961589813995506,0.6591646184716304,-0.015638031797049826,1.4544855401647545,-0.493518987128153,-0.005347545554671658,0.16246403196811365,-0.0555432940466976,1.8920231754269858,0.1144024647478906,0.7286144127752069,0.9701351175259433,-0.09513075053665097,-0.8045203848317407
129,Taliyah,['Battlemage'],2016,-1.704948943884131,-0.002745763658801993,0.09714258142880267,-0.07076946985757505,1.26718558519659,-0.34659592318905746,-0.015638031797049826,0.7783572584458571,-0.14939510048764565,0.14560581949437637,0.16246403196811365,-1.3650581325123745,-1.8435575571401868,0.1144024647478906,-0.4470243015577347,-1.007235484103424,-0.7157102559905917,1.0124895260421092
130,Talon,['Assassin'],2011,0.9818539527427099,0.5704324001161202,1.1354024917398469,0.5858139449321518,0.7035312535140766,0.00542026639218329,-0.0658601723760362,0.7783572584458571,1.5712243327148911,-0.15630091060372037,-0.7682420804812442,0.40393559664301354,0.024232809143399564,0.1144024647478906,4.843349912940503,0.9701351175259433,-0.09513075053665097,-1.0640932292422907
131,Taric,"['Enchanter', 'Warden']",2009,0.6584424929635531,-0.5759239274337241,-0.16242239614895837,-1.0556445920421658,-0.10168922031808549,1.1620448893019744,0.047139643926683086,0.7783572584458571,-0.6655809304484067,0.4475125495924738,-0.7682420804812442,-0.6298919074088367,1.580724781046388,-0.6536462433082993,-1.6226630158906763,0.9701351175259433,0.5254487549172897,-0.9343068070370156
132,Teemo,['Specialist'],2009,-0.5108143231610905,-0.002745763658801993,-0.4219873737267194,-0.07076946985757505,0.17208574078484964,-0.5980360586042294,0.18525053051889545,-0.40486723456221374,-0.8376428737686603,-0.3072542756527691,1.0649669288887,0.955310265470667,-0.9096623739983936,0.5944329072830089,-0.4470243015577347,-1.007235484103424,-0.7157102559905917,0.8827031038368343
133,Thresh,['Catcher'],2013,-0.46105871396429726,1.8314243604209488,0.3567075590065637,-0.7273528846473019,-0.31104654351444766,0.35743645597342405,-0.2667487346919815,0.7783572584458571,-0.493518987128153,-1.5148811960451574,-0.7682420804812442,1.0931539326775805,0.1798820063336984,-8.910169854912333,-0.4470243015577347,-1.007235484103424,-0.7157102559905917,0.6231302594262842
134,Tristana,['Marksman'],2009,0.5340534699715698,-0.23201702916877084,-1.2006823064600025,-0.07076946985757505,-0.5042994572341666,-0.24601986902298867,-0.11608231295502247,-0.40486723456221374,0.022666842832608027,0.7494192796905712,0.10605760091057682,-1.2042405207709757,0.024232809143399564,-0.26962188928020436,-1.6226630158906763,-1.007235484103424,-1.3362897614445324,1.0124895260421092
135,Trundle,['Juggernaut'],2010,0.7828315159555365,0.6850680328711046,-0.16242239614895837,0.5858139449321518,0.22039896921477936,0.4077244830564584,-0.07841570752078274,0.10222897672695933,1.5712243327148911,1.2022793748377167,0.5009026183133347,0.40393559664301354,1.1137771894754915,-1.4216949513644883,0.7286144127752069,0.9701351175259433,1.766607765825171,-0.8045203848317407
136,Tryndamere,['Skirmisher'],2009,1.9272105274817835,0.4557967673611357,1.1354024917398469,1.5706890671167424,-1.7121301679824097,-1.8552367356800892,-1.0200808433767765,-1.9261558684297333,1.2271004460743837,1.2022793748377167,0.5009026183133347,0.40393559664301354,0.49118040071429614,-0.6536462433082993,0.7286144127752069,0.9701351175259433,1.1460282603712304,-0.8045203848317407
137,Twisted Fate,['Burst'],2009,-0.36154749557071053,0.4557967673611357,-0.4219873737267194,-0.39906117725243884,0.164033536046528,0.10599632055825207,-0.015638031797049826,0.7783572584458571,-1.1817667604091677,0.14560581949437637,-0.7682420804812442,-0.0555432940466976,-1.37660996556929,-0.557640154801276,-0.4470243015577347,-1.007235484103424,-0.7157102559905917,1.0124895260421092
138,Twitch,['Marksman'],2009,1.57892126310423,-0.4612882946787397,-1.330464795248883,-0.39906117725243884,-0.10168922031808549,0.15628434764128646,-0.1098045453826492,0.44029311758640804,0.022666842832608027,-0.15630091060372037,0.7547315580722505,0.955310265470667,-0.442714782427497,-0.845658420322346,-0.4470243015577347,-1.007235484103424,-0.7157102559905917,1.142275948247384
139,Udyr,['Juggernaut'],2009,1.1311207803330898,-1.3783733567186152,-0.16242239614895837,0.5858139449321518,-0.3352031577294125,0.6591646184716304,-0.07841570752078274,-0.40486723456221374,0.538852672793369,1.2022793748377167,-0.06316169226203369,0.5188053193154415,0.1798820063336984,0.1144024647478906,0.7286144127752069,0.9701351175259433,1.766607765825171,-1.0640932292422907
140,Urgot,['Juggernaut'],2010,0.9072205389475199,-0.23201702916877084,0.6162725365843248,0.25752223753728803,0.22039896921477936,0.4077244830564584,-0.1098045453826492,0.7783572584458571,0.7109146161136227,1.2022793748377167,-0.7682420804812442,1.38032823935865,0.9581279922851927,1.5544937923532454,0.7286144127752069,0.9701351175259433,-0.7157102559905917,0.10398457060518426
141,Varus,"['Marksman', 'Artillery']",2012,-0.46105871396429726,0.11188986909618244,-1.4602472840377636,-0.7273528846473019,0.3814430639812118,0.15628434764128646,-0.015638031797049826,0.7783572584458571,0.1947287861528617,0.2965591845434251,0.16246403196811365,1.6675025460397197,-0.442714782427497,-0.07760971226615772,-0.4470243015577347,-1.007235484103424,-0.7157102559905917,1.2720623704526592
142,Vayne,['Marksman'],2011,-1.704948943884131,-0.11738139641378642,-1.4602472840377636,-0.7273528846473019,-0.6492391425239558,-0.09515578777388549,-0.14119338324451566,-0.5738993049919381,0.1947287861528617,-1.2884511484715846,0.16246403196811365,0.8634144873327247,-1.0653115711886925,-0.07760971226615772,-0.4470243015577347,-1.007235484103424,-0.7157102559905917,1.142275948247384
143,Veigar,['Burst'],2009,-0.9586148059322307,0.4557967673611357,0.09714258142880267,-0.39906117725243884,1.4282296799630225,-0.547748031521195,-0.015638031797049826,0.7783572584458571,-1.1817667604091677,-0.7601143707999145,-0.7682420804812442,-0.3542045729950097,-1.8435575571401868,1.074463349818127,0.7286144127752069,-1.007235484103424,0.5254487549172897,1.142275948247384
144,Vel'Koz,['Artillery'],2014,-0.709836759948264,-0.23201702916877084,-0.4219873737267194,-0.7273528846473019,1.2591333804582685,-0.799188166936367,-0.015638031797049826,0.7783572584458571,-0.6655809304484067,-0.09350431074331637,-0.2605842009634126,-1.1008577703657907,-1.2209607683789914,0.1144024647478906,-0.4470243015577347,-1.007235484103424,0.5254487549172897,1.0124895260421092
145,Vex,['Burst'],2021,-0.709836759948264,-0.002745763658801993,0.09714258142880267,-0.39906117725243884,1.4282296799630225,-0.24601986902298867,-0.2667487346919815,0.7783572584458571,-0.8376428737686603,-0.6846376882753905,0.4726994027845663,-1.7785891341331148,-1.0653115711886925,-0.36562797778722766,-1.6226630158906763,-1.007235484103424,-0.09513075053665097,1.142275948247384
146,Vi,['Diver'],2012,0.9072205389475199,-0.5759239274337241,1.91409742447313,2.2272724819064695,-0.14195024400969358,1.4134850247171462,-0.015638031797049826,0.27126104715668387,0.7109146161136227,-0.3072542756527691,-0.23238098543464422,-0.6298919074088367,0.024232809143399564,0.1144024647478906,0.7286144127752069,0.9701351175259433,0.5254487549172897,-1.0640932292422907
147,Viego,['Skirmisher'],2021,0.28527542398760297,0.5704324001161202,0.3567075590065637,0.25752223753728803,-2.517350641814572,-1.8552367356800892,-1.0200808433767765,-1.9261558684297333,-0.3214570438078993,0.4475125495924738,0.16246403196811365,-0.0555432940466976,0.6468295979045949,1.074463349818127,0.7286144127752069,0.9701351175259433,1.1460282603712304,-0.6747339626264657
148,Viktor,['Battlemage'],2011,-0.46105871396429726,-0.002745763658801993,0.8758375141620858,-0.07076946985757505,0.7437922772056847,0.4077244830564584,-0.015638031797049826,0.7783572584458571,-1.009704817088914,-0.3072542756527691,0.16246403196811365,-0.5035352124691662,-1.0653115711886925,1.074463349818127,-0.4470243015577347,-1.007235484103424,-0.09513075053665097,1.0124895260421092
149,Vladimir,['Battlemage'],2010,-0.2869140817755205,0.6850680328711046,0.3567075590065637,-0.39906117725243884,-2.5012462323379285,-1.8552367356800892,-1.0200808433767765,-1.9261558684297333,-0.6655809304484067,-0.3072542756527691,0.16246403196811365,-0.6298919074088367,-0.442714782427497,-0.26962188928020436,-0.4470243015577347,-1.007235484103424,-0.7157102559905917,0.6231302594262842
150,Volibear,['Juggernaut'],2011,0.7828315159555365,-0.002745763658801993,1.394967469317608,0.5858139449321518,0.3009210165979956,1.6649251601323183,-0.23535989683011502,-0.2358351641324894,0.1947287861528617,0.4475125495924738,-0.7682420804812442,-0.6298919074088367,0.1798820063336984,1.074463349818127,0.7286144127752069,0.9701351175259433,0.5254487549172897,-0.9343068070370156
151,Warwick,['Diver'],2009,0.03649737800363625,-0.5759239274337241,-1.2006823064600025,0.5858139449321518,-0.2627333150845179,-0.09515578777388549,-0.08469347509315601,0.10222897672695933,1.05503850275413,-0.3072542756527691,-0.4016002786072547,-0.2852827393915534,0.49118040071429614,-0.46163406629425097,0.7286144127752069,0.9701351175259433,-0.09513075053665097,-1.0640932292422907
152,Wukong,['Diver'],2011,-0.2122806679803305,-0.5759239274337241,-1.4602472840377636,-0.07076946985757505,-0.10168922031808549,1.4134850247171462,-0.015638031797049826,0.7783572584458571,1.2271004460743837,0.4475125495924738,1.0649669288887,0.5188053193154415,0.1798820063336984,0.1144024647478906,-1.6226630158906763,0.9701351175259433,0.5254487549172897,-0.8045203848317407
153,Xayah,['Marksman'],2017,0.28527542398760297,0.3411611346061513,-1.5900297728266441,0.5858139449321518,0.22039896921477936,0.15628434764128646,0.01575080606481663,0.7783572584458571,0.1947287861528617,0.4475125495924738,0.16246403196811365,1.5526328233672917,-0.7540131768080948,-0.845658420322346,-0.4470243015577347,-1.007235484103424,-0.7157102559905917,1.0124895260421092
154,Xerath,['Artillery'],2011,-0.560569932357884,0.22652550185116688,-0.4219873737267194,-0.7273528846473019,0.7035312535140766,-0.7489001398533326,-0.16002668596163558,0.7783572584458571,-0.6655809304484067,-0.3072542756527691,0.16246403196811365,-1.3650581325123745,-1.2209607683789914,0.1144024647478906,-0.4470243015577347,-1.007235484103424,0.5254487549172897,1.0124895260421092
155,Xin Zhao,['Diver'],2010,0.5340534699715698,0.22652550185116688,0.8758375141620858,0.25752223753728803,-0.31104654351444766,0.9106047538868024,-0.1098045453826492,-0.40486723456221374,0.7109146161136227,-0.3072542756527691,-0.2041777699058758,1.0931539326775805,0.8024787950948938,0.1144024647478906,0.7286144127752069,0.9701351175259433,1.1460282603712304,-0.8045203848317407
156,Yasuo,['Skirmisher'],2013,-0.709836759948264,0.6850680328711046,0.09714258142880267,1.5706890671167424,-1.7121301679824097,-1.8552367356800892,-1.0200808433767765,-1.9261558684297333,0.1947287861528617,-0.3072542756527691,1.2623894375900788,1.0931539326775805,0.024232809143399564,-0.07760971226615772,0.7286144127752069,0.9701351175259433,1.1460282603712304,-0.8045203848317407
157,Yone,"['Assassin', 'Skirmisher']",2020,0.03649737800363625,0.11188986909618244,0.6162725365843248,0.5858139449321518,1.5087517273462387,-1.8552367356800892,-1.0200808433767765,-1.9261558684297333,0.1947287861528617,-1.816787926143255,-0.7682420804812442,1.0931539326775805,0.024232809143399564,-0.07760971226615772,0.7286144127752069,0.9701351175259433,1.1460282603712304,-0.8045203848317407
158,Yorick,['Juggernaut'],2011,0.7828315159555365,1.1436105638910423,0.8758375141620858,0.9141056523270156,-0.10168922031808549,1.1620448893019744,-0.07841570752078274,0.6093251880161326,0.538852672793369,2.7118130253282025,-0.7682420804812442,-0.6298919074088367,1.4250755838560893,1.074463349818127,0.7286144127752069,0.9701351175259433,0.5254487549172897,-0.8045203848317407
159,Yuumi,['Enchanter'],2019,-2.9488391738039645,-4.014992910083257,-0.6815523513044804,-0.7273528846473019,1.0256194430469416,0.4077244830564584,0.23547267109788184,-0.5738993049919381,-1.6979525903699288,-0.15630091060372037,-0.7682420804812442,-1.7785891341331148,-0.7540131768080948,-0.845658420322346,-3.3861210873900887,-1.5345343112045886,-0.7157102559905917,0.4933438372210092
160,Zac,['Vanguard'],2013,1.65355467689942,0.5704324001161202,0.8758375141620858,-1.0556445920421658,-2.517350641814572,-1.8552367356800892,-1.0200808433767765,-1.9261558684297333,0.1947287861528617,0.2965591845434251,2.3623148432120473,-1.0893707980985479,0.49118040071429614,0.1144024647478906,0.7286144127752069,0.9701351175259433,0.5254487549172897,-0.8045203848317407
161,Zed,['Assassin'],2012,0.8823427343491231,-0.5759239274337241,0.3567075590065637,-0.07076946985757505,-0.9069096941502477,-1.8552367356800892,5.257686728996515,-1.9261558684297333,0.7109146161136227,0.2965591845434251,-0.03495847673326528,0.8634144873327247,0.3355312035239973,0.1144024647478906,-1.0348436587242056,0.9701351175259433,1.1460282603712304,-1.0640932292422907
162,Zeri,['Marksman'],2022,0.28527542398760297,0.6850680328711046,-1.5900297728266441,0.25752223753728803,-0.5042994572341666,0.4077244830564584,-0.2667487346919815,0.7783572584458571,-0.493518987128153,-1.816787926143255,0.16246403196811365,-0.6298919074088367,-0.9096623739983936,-0.845658420322346,-0.4470243015577347,-1.007235484103424,-0.7157102559905917,0.8827031038368343
163,Ziggs,['Artillery'],2012,-0.3117918863739172,0.22652550185116688,0.09714258142880267,-0.39906117725243884,1.3477076325798063,-0.673468099228781,-0.015638031797049826,0.7783572584458571,-0.6655809304484067,-0.15630091060372037,0.10605760091057682,-0.6298919074088367,-1.37660996556929,0.1144024647478906,-0.4470243015577347,-1.007235484103424,-1.3362897614445324,1.142275948247384
164,Zilean,['Specialist'],2009,-1.1078816335226107,-0.9198308256986775,-0.4219873737267194,-1.0556445920421658,1.122245899906801,0.6591646184716304,0.4049723955519607,0.7783572584458571,-1.1817667604091677,-0.3072542756527691,0.16246403196811365,-0.4805612679346806,-0.9096623739983936,0.6904389957900322,-0.4470243015577347,-1.007235484103424,-0.09513075053665097,1.142275948247384
165,Zoe,['Burst'],2017,0.28527542398760297,0.22652550185116688,0.6162725365843248,-0.39906117725243884,0.9048363719721172,-0.5980360586042294,-0.015638031797049826,0.27126104715668387,-0.14939510048764565,0.14560581949437637,0.16246403196811365,-0.0555432940466976,-1.37660996556929,0.1144024647478906,-0.4470243015577347,-1.007235484103424,0.5254487549172897,1.142275948247384
166,Zyra,['Catcher'],2012,-1.1078816335226107,-1.2637377239636307,-0.4219873737267194,-1.0556445920421658,0.8484709388038658,-0.5980360586042294,-0.14119338324451566,0.7783572584458571,-1.009704817088914,-0.005347545554671658,0.8111379891297873,-0.5035352124691662,-0.13141638804689929,-0.845658420322346,-0.4470243015577347,-1.007235484103424,0.5254487549172897,1.2720623704526592
